Parameter,Mean,Median,Std,Min,Max,Real Value
Parameter 1,0.3172875496056644,0.30597562126698724,0.10371104486238783,0.021940701878151503,0.625708551812582,0.3
Parameter 2,0.19185074331007268,0.1903585601118783,0.0710296253385939,-0.0004592317311792743,0.3658424206194799,0.2
Parameter 3,0.4969085485524472,0.49365415079814207,0.0443831850141042,0.3745449286750411,0.6134004679435829,0.5
Parameter 4,0.5407035568393006,0.537646927260939,0.11236897392119262,0.2443047482095138,0.9490751418704139,0.5
Parameter 5,0.37715227645141225,0.3751484804944327,0.08364561628026032,0.13257895137929715,0.6044647491422854,0.4
Parameter 6,0.29886461175033785,0.29673935525032646,0.0362689256869517,0.18146937373298033,0.41599963730383427,0.3
