Parameter,Mean,Median,Std,Min,Max,Real Value
Parameter 1,0.32310822873939316,0.33127881280825894,0.14567919887183217,-0.08513128343660968,0.7487778045712923,0.3
Parameter 2,0.18165391097617234,0.17456682760026793,0.10007599372633305,-0.26470156375249876,0.4716301222349999,0.2
Parameter 3,0.4853604087946416,0.4885501135240551,0.060525041196848144,0.327941890022037,0.6539305432309565,0.5
Parameter 4,0.5669014525828088,0.5639271682582171,0.1702730157533516,0.13798466037578971,1.054730676274977,0.5
Parameter 5,0.36624736073714986,0.3570449187539153,0.11835751845359845,0.04114724379152916,0.7080120216446621,0.4
Parameter 6,0.29032250733305215,0.28790914047240823,0.05272304245125685,0.140343757804963,0.4284138604843163,0.3
