Parameter,Mean,Median,Std,Min,Max,Real Value
Parameter 1,0.4878028571428571,0.42149,0.3167450067579952,0.17918,1.234,0.3
Parameter 2,0.4903842857142857,0.38848,0.30903735150381056,0.18054,1.1941,0.2
Parameter 3,0.3710142857142857,0.38647,0.10455925850337458,0.19448,0.51909,0.5
Parameter 4,0.37465714285714286,0.42082,0.11999026338050288,0.16946,0.53293,0.5
Parameter 5,0.40247285714285713,0.34988,0.1336980392755348,0.24532,0.64206,0.4
Parameter 6,0.3885414285714286,0.41761,0.1405876993632263,0.10195,0.55119,0.3
Parameter 7,0.4251357142857143,0.40226,0.18807282023249422,0.23263,0.78756,0.7
