Parameter,Mean,Median,Std,Min,Max,Real Value
Parameter 1,0.168703,0.26574,0.37282970341967125,-0.82149,0.50655,0.5
Parameter 2,0.3201293333333333,0.20159,0.24999338471958724,0.034874,0.80643,0.2
Parameter 3,0.22718188888888888,0.27405,0.3080480317159952,-0.51656,0.65752,0.3
Parameter 4,0.26152044444444444,0.2958,0.13925584386469797,-0.038196,0.45696,0.2
Parameter 5,0.25151588888888887,0.28987,0.25875698117836976,-0.30129,0.66441,0.3
Parameter 6,0.16729111111111106,0.21494,0.3884807710798122,-0.86552,0.57066,0.4
Parameter 7,0.23922144444444443,0.26935,0.22491910838003323,-0.27329,0.50653,0.2
Parameter 8,0.23163444444444448,0.20992,0.27307394880065045,-0.39609,0.69588,0.3
Parameter 9,0.22780555555555557,0.2384,0.24948832549445013,-0.36716,0.59473,-0.5
