Parameter,Mean,Median,Std,Min,Max,Real Value
Parameter 1,0.5924851974570227,0.5625479986289634,0.32139981826975217,-0.3699485279848985,1.6176439072429005,0.5
Parameter 2,0.16245796702737944,0.15561702155685456,0.1796715485647314,-0.45200884269327896,0.7136572509723178,0.2
Parameter 3,0.2901515988575518,0.28599170422693343,0.12771394689763582,-0.0022852573495408812,0.6842937516157449,0.3
Parameter 4,0.1996409498383126,0.19993311004039904,0.04663872083399341,0.07031384835190174,0.3118812073516981,0.2
Parameter 5,0.4578765846802989,0.4425634307153575,0.3272826584980978,-0.5548681581333722,1.1766678836116815,0.3
Parameter 6,0.3495784704744425,0.3507629327983289,0.2015200668916323,-0.1508709051357256,0.9095868258977342,0.4
Parameter 7,0.17347654351565772,0.17936055120954397,0.1523472806143926,-0.3195154142323745,0.6064339217365641,0.2
Parameter 8,0.296307458207105,0.2948623601114705,0.04901527041782459,0.11475483781295653,0.4335128616084908,0.3
