MADE,MSE
3.671232876712329,21.589041095890412
1.2904109589041095,2.863013698630137
