MADE,MSE
3.9068493150684933,24.887671232876713
1.326027397260274,3.095890410958904
