MADE,MSE
3.915068493150685,25.53698630136986
1.295890410958904,3.0273972602739727
