Parameter,Mean,Median,Std,Min,Max,Real Value
Parameter 1,0.5391046798150062,0.5254283667306975,0.22828069734935333,0.015367686032671801,1.2756612912779852,0.5
Parameter 2,0.1872001097842215,0.18701138296275968,0.137942353313353,-0.17885576149695162,0.510518146460381,0.2
Parameter 3,0.2903329719250454,0.29465109300495995,0.09220529323732751,0.027190466368227695,0.5880409939017057,0.3
Parameter 4,0.19625611549430808,0.1980645404755253,0.033052443848302755,0.09869388332925222,0.29132763661646544,0.2
Parameter 5,0.36188956144180023,0.3658121463044663,0.2315813412527682,-0.39538951781657616,0.9288652144611252,0.3
Parameter 6,0.39078992677769153,0.37323164862873137,0.14007883088434553,0.026401148250440085,0.7617092340578739,0.4
Parameter 7,0.1841068330793485,0.18687257674467592,0.10047576157439568,-0.15885794621684254,0.40081643778037196,0.2
Parameter 8,0.2997447543759705,0.2996951893087438,0.032498621676016845,0.2034322521313912,0.38169821844682306,0.3
