Size,Biais_0,Biais_1,Biais_2,Biais_3,Biais_4,Biais_5,Biais_6,Biais_7
size_200,0.03360974666993782,-0.08683685542294212,-0.013337968122548116,0.35131748837646126,0.2113429136713667,-0.20992189227979832,-0.34691945999085816,-0.01589727097281382
size_500,-0.0023355675791624786,-0.040207182209623216,-0.002287111357744509,0.27260632230544257,0.1081722022821271,-0.10762679906225453,-0.2711588897415521,-0.0004304723363095231
size_1000,0.014405899044354797,-0.01930685651708222,-0.002301774007405888,0.25103292602744165,0.06729739053919792,-0.060720325643856043,-0.253626991746856,-0.0058873081683969986
