Size,Biais_0,Biais_1,Biais_2,Biais_3,Biais_4,Biais_5,Biais_6,Biais_7
size_200,0.12331340472117303,-0.06026325308156941,0.009933421304172296,-0.008378905702489114,0.344050628433954,-0.12797972127239582,-0.02733867135385762,-0.010102576503604577
size_500,0.09248519745702266,-0.0375420329726206,-0.009848401142448171,-0.0003590501616874131,0.15787658468029891,-0.05042152952555751,-0.026523456484342317,-0.0036925417928949655
size_1000,0.039104679815006205,-0.012799890215778514,-0.009667028074954565,-0.003743884505692019,0.06188956144180019,-0.009210073222308546,-0.015893166920651514,-0.0002552456240295098
