Size,Biais_0,Biais_1,Biais_2,Biais_3,Biais_4,Biais_5,Biais_6,Biais_7,Biais_8,Biais_9
size_200,0.16999402502143968,-0.112882867676461,0.050212932772238206,-0.0081934568917168,-0.01657335571231061,0.1119397167663212,0.0324881183879267,-0.07000381906384909,0.02627910563572411,0.0008830191484998917
size_500,0.10187666979640264,-0.08351728983117038,0.0488297118770587,-0.005717583065024401,-0.04259541174914522,0.04217428060100292,0.0031513475874318936,-0.013442161537360275,0.0471397893816935,-0.0064905580888026115
size_1000,0.03595853336385857,-0.05965204391464238,0.044440017360315276,0.0008098332697844962,-0.0266728670438362,0.02141548541451499,0.02253734188806429,-0.024762666745045014,0.023421422718280904,-0.0002752733343273084
