Parameter,Mean,Median,Std,Min,Max,Real Value
Parameter 1,0.18265111111111113,0.23243,0.29697823797729483,-0.61967,0.42526,0.5
Parameter 2,0.22846333333333332,0.23894,0.3235343929854204,-0.52056,0.75031,0.2
Parameter 3,0.17673233333333332,0.274,0.3330743931623151,-0.61651,0.64201,0.3
Parameter 4,0.28352444444444447,0.32714,0.10769180481676106,0.12979,0.42632,0.2
Parameter 5,0.17264333333333337,0.18879,0.4622660422070582,-0.93219,0.90251,0.3
Parameter 6,0.2656057777777778,0.27253,0.10496516213781257,0.059592,0.42394,0.4
Parameter 7,0.18173088888888891,0.21902,0.3415511620931919,-0.63179,0.58517,0.2
Parameter 8,0.20214444444444443,0.26101,0.23213452489217018,-0.43158,0.36742,0.3
Parameter 9,0.2079703333333333,0.29562,0.29342362463926525,-0.54537,0.54353,-0.5
