Parameter,Mean,Median,Std,Min,Max,Real Value
Parameter 1,0.45154957142857144,0.4195,0.3062513805467925,0.066347,1.0979,0.3
Parameter 2,0.3270659578571428,0.39632,0.2078741068813851,3.1705e-05,0.5833,0.2
Parameter 3,0.4589715714285714,0.38011,0.2674748137685689,0.099631,1.0259,0.5
Parameter 4,0.5187671428571429,0.34692,0.35798476478812363,0.21801,1.3421,0.5
Parameter 5,0.30613953,0.33912,0.15507837027105165,4.671e-05,0.49602,0.4
Parameter 6,0.5208414285714286,0.38202,0.3726464480836866,0.25223,1.396,0.3
Parameter 7,0.5468027142857144,0.37797,0.45090391503376365,0.083599,1.497,0.7
