Parameter,Mean,Median,Std,Min,Max,Real Value
Parameter 1,0.3336097466699378,0.33870513581587336,0.2675761588923562,-0.44612594889032037,0.9661697014236548,0.3
Parameter 2,0.11316314457705796,0.11053218730096498,0.25884675883576713,-0.6691131628827756,0.9245553518490988,0.2
Parameter 3,0.48666203187745194,0.49028299310696627,0.08851073893810209,0.24109458491688485,0.7575357236584043,0.5
Parameter 4,0.4513174883764613,0.444680387062225,0.42502619033803213,-0.8482833544296408,1.843477537655248,0.1
Parameter 5,0.7113429136713667,0.6651247278375363,0.339811753284698,0.034975775153692684,1.7255232720707472,0.5
Parameter 6,0.19007810772020178,0.21966440691977795,0.3170282765854088,-0.8118231908374337,1.124206766044259,0.4
Parameter 7,-0.04691945999085823,-0.058167328373582655,0.4315428603521114,-1.4803515948382426,1.1122247240809207,0.3
Parameter 8,0.18410272902718625,0.18269559315020226,0.07958451003558042,-0.001016931308378377,0.4705359177379381,0.2
