Size,Biais_0,Biais_1,Biais_2,Biais_3,Biais_4,Biais_5,Biais_6,Biais_7,Biais_8,Biais_9,Biais_10
size_200,-0.0345718816000003,0.0528329685584199,-0.027241653665065507,-0.0098581744755121,-0.0030419831999999036,-0.009479573155020293,0.05020293059572001,-0.03088215062878019,0.002350777999999998,-0.0174386484100002,-0.14776386619999993
size_500,-0.012307520000000016,0.021085556320000087,-0.007289619759618116,-0.005471971927460212,-0.0036287340000002166,-0.0030448753549998098,0.04220650112603461,-0.04203924680000021,0.0068782600000001914,-0.005326939999999919,-0.045706495800000246
size_1000,-0.0026602000000002235,0.012752771842439614,-0.008234195586772103,-0.00328209480000001,-0.0007503599999998112,-0.01566939419999991,0.0372962245934286,-0.0319875443999999,0.0035915000000000252,-0.002457319999999902,-0.04316196161999991
