Parameter,Mean,Median,Std,Min,Max,Real Value
Parameter 1,0.36644666666666664,0.30683,0.22108646463418885,0.1385,0.84517,0.3
Parameter 2,0.3178066666666666,0.32309,0.13793175945614075,0.10803,0.5311,0.2
Parameter 3,0.3627288888888888,0.26011,0.20778300718909426,0.1722,0.86601,0.5
Parameter 4,0.3897911111111111,0.40942,0.23234420086703952,0.10577,0.82543,0.1
Parameter 5,0.40066066666666666,0.3755,0.25708279446123966,0.082686,1.0,0.5
Parameter 6,0.33782,0.32464,0.1521549994066723,0.12221,0.56552,0.4
Parameter 7,0.3177967777777778,0.31687,0.13216819326884444,0.060901,0.4873,0.3
Parameter 8,0.3808033333333333,0.32264,0.23620769885844115,0.11092,0.93159,0.2
Parameter 9,0.3350046666666667,0.31398,0.15292461342766245,0.099232,0.57738,0.7
