Parameter,Mean,Median,Std,Min,Max,Real Value
Parameter 1,0.3284066666666667,0.308,0.15998549177277852,0.09737,0.56307,0.3
Parameter 2,0.37726722222222225,0.38896,0.23633921144724623,0.055039,0.80089,0.2
Parameter 3,0.39451,0.34226,0.2549385262284921,0.10871,0.98671,0.5
Parameter 4,0.37376811111111113,0.27899,0.24800948565123,0.098503,0.97037,0.1
Parameter 5,0.3832444444444445,0.28226,0.2458775837286655,0.12144,0.96868,0.5
Parameter 6,0.3505807777777778,0.33283,0.15299752798422578,0.059007,0.6379,0.4
Parameter 7,0.36022333333333334,0.31807,0.20413250576797196,0.10246,0.75971,0.3
Parameter 8,0.33837777777777783,0.27712,0.1804811624382493,0.13927,0.69976,0.2
Parameter 9,0.3958833333333333,0.32813,0.25252874503047507,0.10196,0.9793,0.7
