Parameter,Mean,Median,Std,Min,Max,Real Value
Parameter 1,0.14925943333333336,0.18286,0.4487778132783799,-0.98316,0.65586,0.5
Parameter 2,0.2211257777777778,0.23445,0.31016924425430054,-0.46396,0.66767,0.2
Parameter 3,0.15351133333333333,0.23857,0.4184698734739854,-0.9369,0.57397,0.3
Parameter 4,0.16302266666666665,0.2425,0.3764645448190012,-0.80124,0.54229,0.2
Parameter 5,0.2834988888888889,0.30697,0.12421528269227176,0.12273,0.47148,0.3
Parameter 6,0.2478604444444444,0.24274,0.23510624066914992,-0.11104,0.58918,0.4
Parameter 7,0.146423,0.21795,0.40220407268892194,-0.86609,0.66851,0.2
Parameter 8,0.3175411111111111,0.26246,0.27291548803590554,0.01402,0.97178,0.3
Parameter 9,0.20011655555555555,0.24553,0.35407777339860463,-0.67205,0.68855,-0.5
