Size,Biais_0,Biais_1,Biais_2,Biais_3,Biais_4,Biais_5,Biais_6
size_200,0.011231126000000424,-0.008387241715135801,-0.007142099999999707,0.027575458000000164,-0.009081524847345812,-0.009797069599999875,0.0984542668518994
size_500,0.0031803659999996015,-0.0011714831510160062,-0.0031766600000002754,0.01133505580000016,-0.006917677940236344,-0.0031044775999999885,0.011964245933431927
size_1000,-0.001736324600000172,0.006594515577999893,-0.008633114399999309,0.0009041871423998149,0.0006208378000004955,0.001779432082379906,0.05063474164911963
