Parameter,Mean,Median,Std,Min,Max,Real Value
Parameter 1,0.2976644324208375,0.2998244651767856,0.16818389035864204,-0.13649472886348146,0.6734186991842394,0.3
Parameter 2,0.15979281779037682,0.15454497103146553,0.17851235040238617,-0.44627259751781856,0.6645729438079029,0.2
Parameter 3,0.49771288864225555,0.49705160934932335,0.05308037280530498,0.3535124940370203,0.6378658656715281,0.5
Parameter 4,0.37260632230544266,0.39538528107746496,0.28974798143101527,-0.4836858250876533,1.101378632073005,0.1
Parameter 5,0.6081722022821271,0.5868553273368615,0.20819688548043996,0.1392201364489961,1.4648087187084406,0.5
Parameter 6,0.2923732009377455,0.31749115646069004,0.22813937327501302,-0.4778187405732675,0.929747670909923,0.4
Parameter 7,0.028841110258447947,0.008397269352386633,0.30515278882720465,-0.767816088204084,1.1162114033096793,0.3
Parameter 8,0.19956952766369057,0.19630086260742513,0.05088599523938825,0.05821861488562763,0.3514141823237552,0.2
