Parameter,Mean,Median,Std,Min,Max,Real Value
Parameter 1,0.42343714285714285,0.46684,0.17404104792624442,0.23181,0.73995,0.3
Parameter 2,0.38113,0.38346,0.10579213932451288,0.23099,0.52109,0.2
Parameter 3,0.39953714285714287,0.39253,0.15764626158535044,0.22912,0.71052,0.5
Parameter 4,0.44770571428571426,0.36335,0.22124912815693554,0.26304,0.95453,0.5
Parameter 5,0.3970657142857143,0.36559,0.12960680084196893,0.21423,0.63342,0.4
Parameter 6,0.4172828571428572,0.35793,0.15687240107937458,0.17751,0.70238,0.3
Parameter 7,0.3829385714285714,0.3675,0.10097223174553223,0.26083,0.54087,0.7
