Parameter,Mean,Median,Std,Min,Max,Real Value
Parameter 1,0.36377193132548874,0.3573713494899956,0.27170236818837284,-0.45417268262156674,1.187977752475498,0.3
Parameter 2,0.17614665088166936,0.1688829335496102,0.1644151878194358,-0.5940936676449567,0.5850329827357621,0.2
Parameter 3,0.4654471928912261,0.47142891754950517,0.10384465439235059,0.18742581116549473,0.7933984944655968,0.5
Parameter 4,0.6637027079475979,0.6381790955617945,0.28068349111172264,-0.032017793877953935,1.6157046499396372,0.5
Parameter 5,0.30987922289650294,0.3282243809086373,0.17954533584438884,-0.388285170690716,0.7338722040129039,0.4
Parameter 6,0.2941666440214801,0.29518705996860306,0.07896015299859001,0.08962483976321611,0.47925660726524216,0.3
